Site,Group\, Formation\, or Unit,Age,Continent,Country,Noteworthiness,Latitude,Longitude
Afar Depression,,Pliocene,Africa,Ethiopia,,11.5,41.0
Danakil Depression,,Pleistocene,Africa,Eritrea,Hominin,14.2417,40.3
,Ahl al Oughlam,Pliocene,Africa,Morocco,,33.56821111,-7.51186944
,Ameki Formation,Eocene,Africa,Nigeria,,6.0,7.0
Awash River,,Pliocene,Africa,Ethiopia,Hominin,11.1,40.57944444
Cradle of Humankind,,Pliocene – Pleistocene,Africa,South Africa,Hominin,-25.96716,27.66245
,Karoo Supergroup: Elliot Formation,Triassic – Jurassic,Africa,South Africa,Dinosaurs,-30.5,27.4
,Karoo Supergroup: Bahariya Formation,Cretaceous,Africa,Egypt,Dinosaurs,28.40555556,28.80555556
,Karoo Supergroup: Clarens Formation,Jurassic,Africa,South Africa,Dinosaurs,-30.5,27.4
,Karoo Supergroup: Molteno Formation,Triassic,Africa,South Africa,,-31.39611111,26.36305556
,Elrhaz Formation,Cretaceous,Africa,Niger,Dinosaurs,16.8,9.5
,Hadar Formation,Pliocene,Africa,Ethiopia,,11.12,40.58
,Bouri Formation,Pleistocene,Africa,Ethiopia,Hominin,11.1,40.579444
Hoedjiespunt,,Pleistocene,Africa,South Africa,Hominin,-33.02861111,17.95944444
Hoffmeyr,,Pleistocene,Africa,South Africa,Hominin,-31.56666667,25.96666667
Alnif,,Cambrian – Permian,Africa,Morocco,Trilobites,31.116667,-5.166667
Jebel Irhoud,,Pleistocene,Africa,Morocco,Hominin,31.855,-8.8725
,Jebel Qatrani Formation,Eocene – Oligocene,Africa,Egypt,Mammals\, birds,29.66229,30.62587
Golden Gate Highlands National Park,Karoo Supergroup,Permian – Jurassic,Africa,Southern Africa,,-28.50611111,28.61666667
Klasies River Caves,,Pleistocene,Africa,South Africa,Hominin,-34.10810278,24.39013889
Koobi Fora,,Pliocene – Pleistocene,Africa,Kenya,Hominin,3.94777778,36.18722222
Koro Toro,,Pliocene,Africa,Chad,Hominin,16.065,18.50083333
Laetoli,,Pliocene – Pleistocene,Africa,Tanzania,Hominin,-2.99611111,35.3525
Ledi-Geraru,,Pliocene,Africa,Ethiopia,Hominin,11.25,40.7
Lothagam,,Miocene – Pliocene,Africa,Kenya,Hominin and other mammals,2.92980,36.05630
,Maevarano Formation,Cretaceous,Africa,Madagascar,Non-Avian Dinosaurs,-15.9,46.6
Kem Kem Beds,,Cretaceous,Africa,Morocco,Non-Avian Dinosaurs,31.339564,-4.268189
Kamabai rock shelter,,Pleistocene,Africa,Sierra Leone,Hominin,9.15,-11.96666667
Olduvai Gorge,,Pliocene,Africa,Tanzania,Hominin,-2.993613,35.35115
,Omo Kibish Formation,Pliocene – Pleistocene,Africa,Ethiopia,Hominin,4.80035278,35.96706944
Orapa,,Cretaceous,Africa,Botswana,Flowering Plants\, Insects,-21.33388889,25.36472222
,Qasr el Sagha Formation,Eocene,Africa,Egypt,,29.5,30.5
Rusinga Island,,Miocene,Africa,Kenya,Hominin\, mammals,-0.4,34.16666667
,Shungura Formation,Pliocene – Pleistocene,Africa,Ethiopia,Hominin tools,5.1,36.0
Taung,,Pliocene,Africa,South Africa,Hominin,-27.53333333,24.78555556
,Tendaguru Formation,Jurassic,Africa,Tanzania,Non-Avian Dinosaurs,-9.7,39.2
West Coast Fossil Park,,Miocene - Pliocene,Africa,South Africa,,-32.9592,18.1172
Seymour Island,Cross Valley Formation,Paleocene,Antarctica,,,-64.23333333,-56.61666667
Seymour Island,La Meseta Formation,Eocene,Antarctica,,Birds\, particularly penguins,-64.239384,-56.603247
Seymour Island,López de Bertodano Formation,Cretaceous – Paleocene,Antarctica,,Non-Avian Dinosaurs\, Birds,-64,-57.4
Seymour Island,Sobral Formation,Paleocene,Antarctica,,,-64.3,-56.7
Vega Island,López de Bertodano Formation,Cretaceous – Paleocene,Antarctica,,Non-Avian Dinosaurs\, Birds,-63.83333333,-57.41666667
Longing Peninsula,Nordenskjöld Formation,Jurassic,Antarctica,,,-64.55,-58.83333333
,Hanson Formation,Jurassic,Antarctica,,Dinosaurs\, prosauropods\, trees,-84.3,166.5
,Prebble Formation,Jurassic,Antarctica,,,-84.3,166.5
James Ross Island,Santa Marta Formation,Cretaceous,Antarctica,,Dinosaurs,-63,-57
James Ross Island,Snow Hill Island Formation,Cretaceous,Antarctica,,Dinosaurs,-63.9,-57.9
,Falla Formation,Triassic,Antarctica,,,-84.3,166.5
,Fremouw Formation,Triassic,Antarctica,,,-84.0,165.0
Cumulus Hills,Thrinaxodon Col,Triassic,Antarctica,,,-85.33333333,-175.0
Ashfall Fossil Beds,Ash Hollow Formation,Miocene,North America,USA: Nebraska,Mammals,42.425,-98.15861111
Page-Ladson,,Pleistocene - Holocene,North America,USA: Florida,Hominin,30.23646,-83.92043
,Aztec Sandstone,Jurassic,North America,USA: Nevada\, California,Dinosaurs,35.4,-115.5
,Bainbridge Formation,Silurian,North America,USA: Missouri,,42.3,-75.5
,Bakken Formation,Devonian – Carboniferous,North America,USA: Montana\, North Dakota and Canada\: Saskatchewan,,48.3929,-102.9399
Cleveland's Glen\, Oneida County\, New York,Beecher's Trilobite Bed,Ordovician,North America,USA\: New York,Trilobites,43.21441,-75.40392
Mount Blanco,Blanco Formation,Pliocene - Pleistocene,North America,USA: Kansas\, Texas,Blancan fauna,33.791389,-101.253056
Blue Beach,,Carboniferous,North America,Canada: Nova Scotia,,45.09833333,-64.215
Bone Cabin Quarry,,Jurassic,North America,USA: Wyoming,Non-Avian Dinosaurs,41.916111,-106.064167
,Bridger Formation,Eocene,North America,USA: Wyoming,,43.171944,-109.674167
,Bromide Formation,Ordovician,North America,USA: Oklahoma,Trilobites\, Echinoderms,34,-97
Badlands National Park,Brule Formation,Oligocene,North America,USA\ South Dakota,Mammals\, sunfish\, cat fish,43.75,-102.5
Kootenay National Park,Burgess Shale,Cambrian,North America,Canada: British Columbia,,50.88305556,-116.04916667
Calvert Cliffs State Park,Calvert Formation,Miocene,North America,USA: Maryland,Middle Miocene Climate Transition and Middle Miocene disruption,38.40277778,-76.42194444
,Cedar Mountain Formation,Cretaceous,North America,USA: Colorado and Utah,Non-Avian Dinosaurs\, Amphibians\, Fish\, Mammals\, other reptiles,40.4,-109.3
,Cerro del Pueblo Formation,Cretaceous,North America,Mexico,Dinosaurs,26.1,-101.1
,Cerro Huerta Formation,Cretaceous,North America,Mexico,,26.1,-101.1
,Chandler Bridge Formation,Oligocene,North America,USA: South Carolina,,32.8,-79.8
Goodsell Ridge,Chazy Formation,Ordovician,North America,USA: Vermont,Early Reef\: bryozoa\, corals\, stromatoporoids,44.86638889,-73.33083333
,Clinton Group,Silurian,North America,USA: New York\, Pennsylvania\, Maryland\, West Virginia,,40.73472222,-77.77833333
Como Bluff,Cloverly Formation,Cretaceous,North America,USA: Montana\, Wyoming,Non-Avian Dinosaurs\, some mammals\, turtles\, crocodilians\, and fish,41.91611111,-106.06416667
,Dakota Formation,Cretaceous,North America,USA: Iowa\, Kansas\, Minnesota\, Nebraska\, Wisconsin,Non-Avian Dinosaurs and Dinosaur tracks,42.307,-96.454
Denali National Park and Preserve,Cantwell Formation,Cretaceous,North America,USA: Alaska,Non-Avian Dinosaur tracks\, plants\, insects,63.33333333,-150.5
Dinosaur Provincial Park,Dinosaur Park Formation,Cretaceous,North America,Canada: Alberta,Non-Avian Dinosaurs,50.76166667,-111.485
Dinosaur State Park,,Jurassic,North America,USA: Connecticut,Dinosaur tracks,41.65083333,-72.65777778
Driftwood Canyon Provincial Park,,Eocene,North America,Canada: British Columbia,Insects and fish,54.826,-127.022
Drumheller\, Badlands,,Triassic - Cretaceous,North America,Canada: Alberta,,51.46361111,-112.71944444
Ellisdale Fossil Site,Marshalltown Formation,Cretaceous,North America,USA: New Jersey,,40.15554694,-74.64645806
Falls of the Ohio,Jefferson Limestone,Devonian,North America,USA: Indiana,Corals (Tabulate coral and Rugosa),38.27665,-85.76544
Florissant Fossil Beds,Florissant Formation,Eocene,North America,USA: Colorado,,38.91374,-105.28627
Mazon Creek,Francis Creek Shale,Carboniferous,North America,USA: Illinois,,41.321,-88.346
Ghost Ranch,,Triassic,North America,USA: New Mexico,Non-Avian Dinosaurs,36.32978889,-106.474
Hagerman Fossil Beds National Monument,Glenns Ferry Formation,Pliocene - Pleistocene,North America,USA: Idaho,Hagerman horse ('American Zebra')\, Camelops,42.79027778,-114.94527778
Dinosaur Valley State Park,Glen Rose Formation,Cretaceous,North America,USA: Texas,Dinosaur footprints,32.25325,-97.81858611
Gray Fossil Site,,Miocene,North America,USA: Tennessee,Mammals,36.386,-82.498
Fossil Butte National Monument,Green River Formation,Eocene,North America,USA: Utah\, Colorado\, and Wyoming,Fishes,41.86444444,-110.77583333
,Hell Creek Formation,Cretaceous,North America,USA: Montana\, North Dakota\, South Dakota\, and Wyoming,,46.9,-101.5
Hilda mega-bonebed,Dinosaur Park Formation,Cretaceous,North America,Canada: Alberta,Dinosaurs,49.2,-110.4
Joggins Fossil Cliffs,,Carboniferous,North America,Canada: Nova Scotia,,45.69188333,-64.44356944
John Day Fossil Beds National Monument,John Day Formation,Oligocene - Miocene,North America,USA: Oregon,Mammals: dogs\, cats\, oreodonts\, saber-toothed cats\, horses\, camels\, and rodents,44.55583333,-119.64527778
Jurassic National Monument,Morrison Formation,Jurassic,North America,USA: Utah,Non-Avian Dinosaurs and other vertebrates,39.32282,-110.68951
Clarno Unit\, John Day Fossil Beds National Monument,Clarno Formation,Eocene,North America,USA: Oregon,Plants: tropical and subtropical nuts\, fruits\, roots\, branches\, and seeds,44.55583333,-119.64527778
,Judith River Formation,Cretaceous,North America,USA: Montana,,47.66666667,-109.65
,Kayenta Formation (Glen Canyon Group),Jurassic,North America,USA: Arizona\, Colorado\, Nevada\, and Utah,Non-Avian Dinosaurs and other vertebrates,37.8,-110.6
Klondike Mountain,Klondike Mountain Formation,Eocene,North America,USA: Washington,Plants and Insects,48.7,-118.7
La Brea Tar Pits,,Pleistocene,North America,USA: California,,34.0628,-118.356
Hadrosaurus Foulkii Leidy Site,Woodbury Formation,Cretaceous,North America,USA: New Jersey,Dinosaurs: Hadrosaurus,39.91018,-75.02856
The Mammoth Site,,Pleistocene,North America,USA: South Dakota,,43.42471,-103.48313
Manuels River,,Cambrian,North America,Canada: Newfoundland,Trilobites,47.52722222,-52.95166667
McAbee Fossil Beds,,Eocene,North America,Canada: British Columbia,Plants\, insects\, and fish,50.797183,-121.14115
Melbourne Bone Bed,,Pleistocene,North America,USA: Florida,Megafauna\, Hominin,28.1,-80.6
Miguasha National Park,,Devonian,North America,Canada: Québec,,48.11055556,-66.36944444
Mistaken Point,Mistaken Point Formation,Precambrian,North America,Canada,Ediacara biota (early multicellular life),46.63194444,-53.19027778
Como Bluff,Morrison Formation,Jurassic,North America,Canada/United States,,41.91611111,-106.06416667
,Nanjemoy Formation,Eocene,North America,USA: Virginia,,38.8,-76.7
,Niobrara Formation,Cretaceous,North America,USA: Kansas\, Nebraska,Marine reptiles,42.746912,-98.039803
Edson Quarry,Ogallala Formation,Miocene - Pliocene,North America,USA: Kansas,,36.99055556,-101.44777778
Lake Meredith National Recreation Area,Ogallala Formation,Miocene - Pliocene,North America,USA: Texas,,35.71472222,-101.55277778
,Oldman Formation,Cretaceous,North America,Canada: Alberta,Non-Avian Dinosaurs,49.62805556,-112.88972222
Champlain Bridge,Pamelia Formation,Ordovician,North America,Canada: Quebec\, Gatineau\, Aylmer,,45.40972222,-75.75944444
,Pikeville Formation,Carboniferous,North America,USA: Kentucky,,40.8781,-77.7996
Pipe Creek Sinkhole,,Pliocene,North America,USA: Indiana,,40.46081,-85.79462
Minneapolis–Saint Paul (Mississippi River bluffs),Platteville Limestone,Ordovician,North America,USA: Minnesota,,44.95,-93.2
,Pocahontas Formation,Carboniferous,North America,USA: West Virginia\, Virginia,,40.8781,-77.7996
Burgoon Run,Pocono Formation,Carboniferous,North America,USA: Maryland\, Pennsylvania\, West Virginia,,40.47,-78.35
,Price West Formation,Carboniferous,North America,USA: West Virginia,,32.7364,-89.6678
Purgatoire River track site,,Jurassic,North America,USA: Colorado,Dinosaur Footprints,37.61682,-103.59808
John Day Fossil Beds National Monument,Rattlesnake Formation,Miocene,North America,USA: Oregon,,44.55583333,-119.64527778
Red Gulch Dinosaur Tracksite,Sundance Formation,Jurassic,North America,USA: Wyoming,Dinosaur Footprints,44.4862,-107.78748
Walcott-Rust quarry,Rust Formation,Ordovician,North America,USA: New York,,43.277222,-75.138889
Schoonmaker Reef and Soldiers' Home Reef,,Silurian,North America,USA: Wisconsin,Reefs (the first discovered in North America),43.04722222,-87.99361111
Como Bluff,Sundance Formation,Jurassic,North America,USA: Wyoming,,41.91611111,-106.06416667
Wichita Falls,Texas Red Beds,Permian,North America,USA: Texas,Tetrapods,33.90944444,-98.49944444
Theodore Roosevelt National Park,Tongue River Formation,Paleocene,North America,USA: North Dakota,Mammals\, reptiles\, birds,46.966667,-103.45
Egg Mountain site,Two Medicine Formation,Cretaceous,North America,USA: Montana,Dinosaurs\, particularly eggs and young,48.074167,-112.299444
,Washakie Formation,Eocene,North America,USA: Wyoming,,41.7,-109.0
Wheeler Amphitheater,Wheeler Shale,Cambrian,North America,USA: Utah,Trilobites,39.25,-113.33
,White River Formation,Eocene – Oligocene,North America,USA: Colorado,,43.2,-107.1
,Willwood Formation,Paleocene - Eocene,North America,USA: Wyoming,Trace fossils,44.5,-108.0
Arlington Archosaur Site,Woodbine Formation,Cretaceous,North America,USA: Texas,Dinosaurs and crocodilians,33.61038889,-97.01562222
Ziegler Reservoir fossil site,,Pleistocene,North America,USA: Colorado,Mastodon and other ice age vertebrates,39.21,-106.93
Zion National Park,Navajo Sandstone,Triassic – Jurassic,North America,USA: Utah,,37.3,-113.0
,Zuni Basin,Cretaceous,North America,USA: New Mexico,,34.64555556,-109.67444444
Agate Fossil Beds National Monument,Arikaree Group,Miocene,North America,USA: Nebraska,,42.421703,-103.75388
Potomac River,Aquia Formation,Paleocene,North America,USA: Maryland and Virginia,,37.99916667,-76.24972222
Waco Mammoth National Monument,,Pleistocene,North America,USA:Texas,,31.606,-97.175
Tanis,Hell Creek Formation,Cretaceous - Holocene,North America,United States,Apparent Lagerstätte and killing field capturing the first minutes and hours after the Chicxulub impactor and initiation of the KPg extinction event,46.9,-101.5
,Balabansai Formation,Jurassic,Asia,Kazakhstan,Dinosaurs,41.3,72.1
,Barun Goyot Formation,Cretaceous,Asia,Mongolia,,43.5,99.8
,Bayan Shireh Formation,Cretaceous,Asia,Mongolia,,44.3,109.2
,Baynunah Formation,Miocene,Asia,United Arab Emirates,,24.03,53.03833333
,Bissekty Formation,Cretaceous,Asia,Uzbekistan,,42.1,62.7
,Bostobynskaya Formation,Cretaceous,Asia,Kazakhstan,Dinosaurs,45.9,64.7
,Chaomidianzi Formation,Cretaceous,Asia,China,,41.533,121.2383
,Rizal\, Kalinga,Pleistocene,Asia,Philippines,Hominin,17.5,121.6
Callao Cave\, Cagayan Valley,,Pleistocene,Asia,Philippines,Hominin,17.70326111,121.82375
Tabon Cave\, Palawan,,Pleistocene,Asia,Philippines,Hominin,9.279882,117.9814
,Dashanpu Formation,Jurassic,Asia,China,Dinosaurs,29.2,105.9
Flaming Cliffs,Djadochta Formation,Cretaceous,Asia,Mongolia,Dinosaurs\, eggs,44.13851667,103.72778333
,Ejinhoro Formation,Cretaceous,Asia,China,Dinosaurs,39.4,108.4
,Es Skhul,Pliocene,Asia,Israel: Mount Carmel,Hominin,32.67066667,34.96613889
,Irdin Manha Formation,Eocene,Asia,Mongolia,,43.7,112.0
,Iren Dabasu Formation,Cretaceous,Asia,China,Dinosaurs,43.8,112.4
,Iwaki Formation,Oligocene,Asia,Japan,,37.11505556,140.84072222
,Jindong Formation,Cretaceous,Asia,Korea,,35.4,128.4
,Jiufotang Formation,Cretaceous,Asia,China,Feathered dinosaurs\, birds\, pterosaurs,41.2,119.4
Kampong Trach cave,,Miocene,Asia,Cambodia,,10.55,104.46666667
,Khukhtek Formation,Cretaceous,Asia,Mongolia,Dinosaurs,45.9,108.4
Balasinor,,Cretaceous,Asia,India,Dinosaurs,22.95,73.33
Deh Alireza\, Kerman,,Jurassic,Asia,Iran,Dinosaur footprints\, fish,30.971667,56.551667
Kitadani Quarry,Kitadani Formation,Cretaceous,Asia,Japan,,36.1,136.6
,Kota Formation,Jurassic,Asia,India,,18.9,80.0
Tategahana\, Lake Nojiri,,Pleistocene,Asia,Japan,Paleolithic artifacts,36.81666667,138.2
,Lameta Formation,Cretaceous,Asia,India,,23.2,80.0
Liang Bua Cave,,Pleistocene,Asia,Indonesia: Flores,Hominin,-8.53416667,120.46027778
,Lufeng Formation,Jurassic,Asia,China,,25.0,102.1
Luoping,,Triassic,Asia,China: Yunnan,,34.6197,112.4539
Chengjiang County,Maotianshan Shales,Cambrian,Asia,China,,24.6506,102.935
Minatogawa Limestone Quarry,,Miocene - Pleistocene,Asia,Japan,Hominin,26.07968,127.67856
Mandla Plant Fossils National Park,,Jurassic - Oligocene,Asia,India,,23.11031667,80.61371389
,Nemegt Formation,Cretaceous,Asia,Mongolia,Dinosaur fossil\, Riverine animals: fish\, turtles\, crocodilians\, birds,43.5,101.0
Ngandong,,Pleistocene,Asia,Indonesia: Java,Hominin: Solo Man,-6.78333333,112.55
Sangiran,,Pleistocene,Asia,Indonesia,Hominin,-7.45,110.83333333
Shivalik Fossil Park,Siwaliks formations,Pleistocene,Asia,India,,30.64,77.44
,Sao Khua Formation,Cretaceous,Asia,Thailand,Dinosaurs,16.7,102.3
,Shishugou Formation,Jurassic,Asia,China,Dinosaurs,44.5,90.2
Tabun Cave,,Pliocene,Asia,Israel: Mount Carmel,Hominin,32.6705,34.9655
Tham Khuyen cave,,Jurassic,Asia,Vietnam,,21.9236,106.4139
,Tiaojishan Formation,Jurassic,Asia,China,Plants\, with dinosaurs\, pterosaurs\, and insects,41.3,119.2
Trinil,,Pleistocene,Asia,Indonesia: Java,Hominin\, "Java Man",-7.3743,111.3578
,Tuchengzi Formation,Cretaceous,Asia,China,,42.9,124.0
,Udurchukan Formation,Cretaceous,Asia,Russia,Dinosaurs,49.5,129.5
,Uhangri Formation,Cretaceous,Asia,Korea,Pterosaur tracks,34.6,126.4
,Wucaiwan Formation,Jurassic,Asia,China,,44.5,90.2
,Xiagou Formation,Cretaceous,Asia,China,,39.9,96.8
,Yixian Formation,Cretaceous,Asia,China,Jehol Biota,41.533,121.2383
Zhoukoudian,,Pleistocene,Asia,China,Hominin\, "Peking Man",39.68916667,115.92388889
Shanwang National Geological Park,Shanwang Formation,Miocene,Asia,China: Shandong,Exceptional preservation of external body features such as skin\, hair\, scales and feathers,36.55,118.73333333
Aetokremnos,,Holocene,Europe,Cyprus,,34.57055556,32.99055556
Monte San Giorgio,,Triassic,Europe,Switzerland and Italy,,45.91361111,8.94972222
Atapuerca,,Pleistocene,Europe,Spain,Hominin,42.366667,-3.522222
Aust Cliff,,Triassic,Europe,England,Insects\, Rhaetic bone bed,51.60175,-2.62947
Batallones,,Miocene,Europe,Spain,Carnivora,40.17216111,-3.71428333
Schmerling Caves,,Holocene,Europe,Belgium,Hominin\, Engis 2 was the first Neanderthal fossil ever found,50.592222,5.408889
Buñol,,Miocene,Europe,Spain,,39.41944444,-0.79055556
Ceprano,,Pleistocene,Europe,Italy,Hominin\, Homo cepranensis,41.55,13.516667
Isernia La Pineta,,Pleistocene,Europe,Italy,,41.6,14.23333333
Baccinello,,Miocene,Europe,Italy,Hominin: Oreopithecus bambolii,42.79055556,11.36527778
Binagadi asphalt lake,,Pleistocene,Europe,Azerbaijan,Birds\, Mammals,40.46777778,49.80111111
,Crevillente,Miocene,Europe,Spain,,38.24861111,-0.80888889
Les Eyzies-de-Tayac-Sireuil,,Pleistocene,Europe,France,Hominin: Crô-Magnon,44.936,1.018
Cuevas de los Murciélagos,,Pleistocene - Holocene,Europe,Spain: La Palma\, Canary Islands,,28.7625,-17.84
Dmanisi,,Pleistocene,Europe,Georgia,Hominin (Homo erectus georgicus)\, stone tools,41.31666667,44.35
Dob's Linn,,Ordovician - Silurian,Europe,Scotland,Graptolites,55.42972222,-3.26972222
Dorkovo,,Pliocene,Europe,Bulgaria,Mastodon,42.05,24.133333
Fossil Grove,Limestone Coal Formation,Carboniferous,Europe,Scotland: Glasgow,Plants,55.8767,-4.3382
,Fur Formation,Eocene,Europe,Denmark,,56.837778,8.961944
,Gram Formation,Miocene,Europe,Denmark,,55.3,9.1
,Gauja Formation,Devonian,Europe,Estonia and Latvia,,57.3,25.12
Geisel valley,,Eocene,Europe,Germany,,51.30777778,11.86916667
Gilwern Hill,,Ordovician,Europe,Wales,,52.2,-3.333333
Gotland,,Silurian,Europe,Sweden,,57.5,18.55
Grès à Reptiles,,Jurassic,Europe,France,Dinosaurs,43.5,5.5
Guimarota,,Jurassic,Europe,Portugal,Dinosaurs and mammals,39.7,-8.8
,Hampstead Formation,Oligocene,Europe,England,,51.5508,-0.1659
Jurassic Coast,,Triassic - Cretaceous,Europe,England,Ammonites and reptiles,50.70555556,-2.99
Kozarnika,,Pleistocene,Europe,Bulgaria,Hominin: Early human symbolic behavior,43.6517425,22.70241
Hušnjak hill,,Pleistocene,Europe,Croatia,,46.16,15.87
La Chapelle-aux-Saints,,Pleistocene,Europe,France,Hominin: Neanderthal burial,44.98333333,1.71666667
La Ferrassie,,Pleistocene,Europe,France,Hominin,44.95194444,0.93805556
Las Hoyas,,Cretaceous,Europe,Spain,Dinosaurs,40.0897,-1.8978
Lyme Regis,,Jurassic,Europe,England: Dorset,Jurassic Coast,50.725,-2.94
Maltravieso Cave,,Pleistocene,Europe,Spain,,39.4576,-6.3708
Mauer,,Pleistocene,Europe,Germany,Hominin,49.338889,8.798611
Messel Pit,Messel Oil Shale,Eocene,Europe,Germany,Geiseltalian flora and fauna,49.9175,8.7567
Monte Bolca,,Eocene,Europe,Italy,,45.59527778,11.21
Murero,,Cambrian,Europe,Spain,,41.16666667,-1.48333333
Kleine Feldhofer Grotte,,Pleistocene,Europe,Germany,Hominin,51.2275,6.945556
Pobiti Kamani,,Triassic - Cretaceous,Europe,Bulgaria,,43.22638889,27.70666667
Pontnewydd Cave,,Pleistocene,Europe,Wales,Hominin: Neanderthals,53.22694444,-3.47611111
Quercy Phosphorites,,Eocene - Oligocene,Europe,France,,44.3,1.6
Repedea Hill Fossil Site,,Miocene - Pleistocene,Europe,Romania,,47.08861111,27.64361111
Cozla Fossil Site,,Oligocene,Europe,Romania,,46.9442,26.3661
Rhynie\, Aberdeenshire,Rhynie Chert,Devonian,Europe,Scotland,Plants\, Cyanobacteria,57.3324,-2.8344
Riodeva,,Jurassic - Cretaceous,Europe,Spain,Dinosaurs,40.11666667,-1.15
,Sânpetru Formation,Cretaceous,Europe,Romania,,45.6,22.9
Sansan,,Miocene,Europe,France,Hominin: Pliopithecus,43.5314,0.6083
Slieve Anierin,,Carboniferous,Europe,Ireland,Goniatites\, and Bivalvia\, marine and coastal fauna,54.09259722,-7.9721
,Solnhofen limestone,Jurassic,Europe,Germany,,48.9,11.0
Stránská skála,Moravian Karst formation,Pleistocene,Europe,Czech Republic: Moravia,Marine and coastal fauna\, fishes\,  birds\, mammals,49.19056944,16.67573889
Turritellenplatte,,Miocene,Europe,Germany: Baden-Württemberg,Gastropods:sea snail Turritella turris,48.389,9.893
,Upper Valdarno,Pleistocene,Europe,Italy: Tuscany,,43.6802,10.2774
Donetsk,,Carboniferous,Europe,Ukraine,Plants,48.00277778,37.80527778
Razdolne,,Devonian,Europe,Ukraine,,46.76444444,33.39472222
Venta del Moro,,Miocene,Europe,Spain,,39.48333333,-1.35722222
Untermassfeld,,Pleistocene,Europe,Germany,Hominin,50.53305556,10.41666667
Alcoota,,Miocene,Oceania,Australia: Northern Territory,Marsupials\, birds and crocodiles,-22.861,134.41830556
Bluff Downs,Allingham Formation,Pliocene,Oceania,Australia: Queensland,wetland fauna,-19.683333,145.55
Bullock Creek,Camfield Fossil Beds,Miocene,Oceania,Australia: Northern Territory,Marsupials,-17.036,131.294
Canowindra-Gooloogong,,Devonian,Oceania,Australia: New South Wales,,-33.56666667,148.66666667
Cape Range National Park,,Miocene - Pleistocene,Oceania,Australia: Western Australia,Coral reefs\, marine and coastal fauna,-22.12333333,113.92055556
Cuddie Springs,,Pleistocene,Oceania,Australia: New South Wales,Megafauna/human interaction,-30.78694444,147.47805556
Curio Bay,,Jurassic,Oceania,New Zealand: Southland,Petrified forest,-46.66234444,169.09792222
Denmark Hill Insect Bed,,Triassic,Oceania,Australia: Ipswich\, Queensland,Insects,-27.6,152.8
Dinosaur Cove,,Cretaceous,Oceania,Australia: Victoria,Dinosaurs,-38.78,143.405
Dinosaur Dreaming,,Cretaceous,Oceania,Australia: Victoria,Mammals,-38.65611111,145.68611111
Ediacara Hills,,Precambrian,Oceania,Australia: South Australia,Ediacara biota (early multicellular life),-29.79752778,138.75613333
,Emu Bay Shale,Cambrian,Oceania,Australia: South Australia,,-35.583333,137.5
Foulden Maar,,Miocene,Oceania,New Zealand: Otago,,-45.5268,170.2184
Georgina Basin,,Precambrian – Permian,Oceania,Australia: Northern Territory\, Queensland,,-20.0,136.0
,Gogo Formation,Devonian,Oceania,Australia: Western Australia,,-18.3,126.5
Grenfell fossil site,Hunter Siltstone Formation,Devonian,Oceania,Australia: New South Wales,Fishes,-33.9,148.15
Lake Callabonna,,Pleistocene,Oceania,Australia: South Australia,Marsupials\, birds,-29.71666667,140.08333333
Lake Mungo,,Pleistocene,Oceania,Australia: New South Wales,Hominin,-33.75,143.083333
Lake Ngapakaldi to Lake Palankarinna Fossil Area,,Pliocene,Oceania,Australia: South Australia,Variety of vertebrates,-28.283333,138.283333
Lancefield Swamp,,Pleistocene,Oceania,Australia: Victoria,Australian megafauna\, mostly Macropus giganteus,-37.283833,144.723617
Lightning Ridge,,Cretaceous,Oceania,Australia: New South Wales,Mammals,-29.43333333,147.96666667
Mammoth Cave,,Pleistocene,Oceania,Australia: Western Australia,,-34.058056,115.030556
Murgon fossil site,,Eocene,Oceania,Australia: Queensland,Mammals,-26.23333333,151.95
Naracoorte Caves,,Pleistocene,Oceania,Australia: South Australia,Australian megafauna\, World Heritage List,-37.03611111,140.79763889
Pindai Caves,,Holocene,Oceania,New Caledonia,Hominin\, Birds,-21.35,164.96666667
Quanbun,,Miocene - Pliocene,Oceania,Australia: Western Australia,,-18.38611111,125.22611111
Riversleigh,,Oligocene - Miocene,Oceania,Australia: Queensland,,-19.033333,138.633333
Great Otway National Park,,Cretaceous,Oceania,Australia: Victoria,,-38.77333333,143.5575
Otway Basin,,Oligocene - Pliocene,Oceania,Australia: Victoria,,-38.85,143.516667
Tinguiririca,Abanico Formation,Oligocene,South America,Chile,,-34.65,-70.983333
,Allen Formation,Cretaceous,South America,Argentina,Dinosaurs\, pterosaurs\, and mammals,-40.0,-66.6
,Anacleto Formation,Cretaceous,South America,Argentina,Dinosaurs (eggs)\, mammals\, bird footprints,-37.9,-68.5
,Bajo de la Carpa Formation,Cretaceous,South America,Argentina,,-38.8,-68.8
,Bahía Inglesa Formation,Miocene - Pliocene,South America,Chile,,-27.19722222,-70.75833333
Bauru Basin,Bauru Group,Cretaceous,South America,Brazil,Dinosaurs,-19.7,-48.0
Candeleros Hill\, Neuquén Province,Candeleros Formation,Cretaceous,South America,Argentina,,-39.4,-69.2
Paleorrota,Caturrita Formation,Triassic,South America,Brazil: Rio Grande do Sul,,-29.695042,-53.795403
Cerrejón,Cerrejón Formation,Paleocene,South America,Colombia,,11.08944444,-72.67527778
Cerro Ballena,,Pliocene - Pleistocene,South America,Chile,Cetaceans,-27.042385,-70.795255
,Huincul Formation,Cretaceous,South America,Argentina,Dinosaurs\, including Argentinosaurus huinculensis and Mapusaurus,-39.4,-69.0
,Irati Formation,Permian,South America,Brazil,Mesosaurs,-25.5,-50.7
,Ischigualasto Formation,Triassic,South America,Argentina,,-29.6,-68.1
,Ituzaingó Formation,Miocene,South America,Argentina,,-31.7,-60.4
,Jaguel Formation,Cretaceous - Paleocene,South America,Argentina,,-38.9,-67.6
Laguna Manantiales Farm,La Matilde Formation,Jurassic,South America,Argentina,Dinosaur tracks,-47.6,-68.1
,Lecho Formation,Cretaceous,South America,Argentina,Titanosaur Saltasaurus\, avian and non-avian theropods,-26.1,-65.4
,Lemaire Formation,Jurassic,South America,Argentina,,-54.78333333,-64.25
Cerro Lisandro\, Neuquén province,Lisandro Formation,Cretaceous,South America,Argentina,,-34.1,-68.9
,Lohan Cura Formation,Cretaceous,South America,Argentina,Mesosaurs; Oldest known amniote embryos,-39.6,-69.4
,Mangrullo Formation,Permian,South America,Uruguay,,-32.22,-54.11
Mylodon Cave,,Pleistocene,South America,Chile,,-51.56555556,-72.61972222
,Quiriquina Formation,Cretaceous,South America,Chile,,-33.5,-71.7
,Paja Formation,Cretaceous,South America,Colombia,,5.5,-73.5
Licán Ray,Panguipulli Formation,Triassic,South America,Chile,,-39.487415,-72.157865
Pilauco Bajo,,Pleistocene,South America,Chile,Megafauna\, human activity,-40.57,-73.10388889
,Pisco Formation,Miocene - Pliocene,South America,Peru,,-15.7,-74.5
,Plottier Formation,Cretaceous,South America,Argentina,,-37.4,-69.1
,Portezuelo Formation,Cretaceous,South America,Argentina,Dinosaurs\, turtles\, and other animals,-38.5,-68.7
,Puerto Madryn Formation,Miocene,South America,Argentina,,-43.3,-65.3
,Roca Formation,Paleocene,South America,Argentina,,-38.9,-67.6
,Santana Group,Cretaceous,South America,Brazil,,-5.6,-64.3
Paleorrota,Santa Maria Formation,Triassic,South America,Brazil: Rio Grande do Sul,Early dinosaurs,-29.695042,-53.795403
Sâo José de Itaboraí basin,Itaboraí Formation,Paleocene,South America,Brazil,,-22.1,-41.6
,Solimões Formation,Miocene - Pliocene,South America,Brazil,,-7.4,-75.0
Toca da Boa Vista Cave,,Pleistocene,South America,Brazil,,-10.1625,-40.85972222
Tralcán,Tralcán Formation,Triassic,South America,Chile,,-39.8,-72.5
Urumaco,Urumaco Formation,Miocene,South America,Venezuela,,11.2,-70.25
La Venta,Honda Group,Miocene,South America,Colombia,,5.191944,-74.7225
,Yacoraite Formation,Cretaceous - Paleocene,South America,Argentina,Dinosaur tracks; Stromatolites,-23.5,-65.4